{
    "t": 1697192247000,
    "d": {
        "qass_nr": 10785,
        "features": {
            "Value_FFT mean coefficient_231": 55.3805993588549,
            "Value_MFCC_4": -59.45443136906214,
            "Value_FFT mean coefficient_232": 61.19749404232106,
            "Value_FFT mean coefficient_235": 34.47578171140645,
            "Value_MFCC_5": -83.45519114615588,
            "Value_Median diff": 0.0,
            "Value_MFCC_11": -71.2116493372628,
            "Value_Mean diff": 0.034203420342034205,
            "Value_FFT mean coefficient_236": 34.172107724557094,
            "Value_MFCC_9": 184.07626592670874,
            "Value_MFCC_10": 28.40602634327632,
            "Value_FFT mean coefficient_230": 41.16895822559635,
            "Value_FFT mean coefficient_229": 59.59301631406535,
            "Value_FFT mean coefficient_228": 46.13298685346384,
            "Value_Histogram_9": 18.0,
            "Value_FFT mean coefficient_243": 38.39506886025657,
            "Value_FFT mean coefficient_233": 80.77217886149164,
            "Value_FFT mean coefficient_238": 29.099413146096495,
            "Value_Fundamental frequency": 1.0,
            "Value_MFCC_0": 64.92961916129899,
            "Value_MFCC_8": 74.11479578491661,
            "Value_FFT mean coefficient_241": 44.28355992473681,
            "Value_MFCC_7": -50.97306134341795,
            "Value_FFT mean coefficient_225": 36.03336629127841,
            "Value_Histogram_5": 9.0,
            "Value_MFCC_2": -109.18662341725229,
            "Value_Kurtosis": -0.09161651249759428,
            "Value_FFT mean coefficient_190": 33.73984493686067,
            "Value_Histogram_0": 18.0,
            "Value_Median": 27.0,
            "Value_FFT mean coefficient_237": 41.9305501146117,
            "Value_FFT mean coefficient_194": 87.28753843704469,
            "Value_FFT mean coefficient_227": 36.14652144775483,
            "Value_MFCC_6": -182.89481996677216,
            "Value_FFT mean coefficient_242": 30.627221683776806,
            "Value_FFT mean coefficient_245": 30.210472179841464,
            "Value_FFT mean coefficient_224": 18.604231292875472,
            "Value_FFT mean coefficient_32": 23109.15025130691,
            "Value_FFT mean coefficient_46": 12748.279660197557,
            "Value_FFT mean coefficient_244": 33.45300135418688,
            "Value_FFT mean coefficient_239": 36.55098457285004,
            "Value_FFT mean coefficient_234": 37.68135977014355,
            "Value_Spectral variation": 0.22764361883842177,
            "Value_FFT mean coefficient_246": 47.35138666610451,
            "Value_FFT mean coefficient_199": 39.506469311967344,
            "Value_MFCC_3": -140.10433414577008,
            "Value_FFT mean coefficient_195": 48.68523568112812,
            "Value_FFT mean coefficient_49": 24606.17641244776,
            "Value_FFT mean coefficient_240": 34.2660147539038,
            "Value_Slope": -0.0018325342863253404
        },
        "productId": "21039093_6391374_01_129624_000",
        "toolId": "F409650-15 Dia",
        "toolCondition": "A0",
        "shiftPosition": 1,
        "toolHolderClearance": 0.002,
        "correctionValueY": 0.01,
        "toolNumberOfCycles": 2349
    }
}